Date,returns
2018-01-02,0.0
2018-01-03,0.010835113122681705
2018-01-04,0.0061100288207363235
2018-01-05,0.012283060347837174
2018-01-08,0.004155122544685226
2018-01-09,-0.0013649205687333661
2018-01-10,-0.0005065968720180928
2018-01-11,0.0013848678762045006
2018-01-12,0.0018134507169075258
2018-01-16,-0.0009596494103942126
2018-01-17,0.003018138530765371
2018-01-18,0.0012150643681746586
2018-01-19,0.0009788992491471954
2018-01-22,0.0024121070695215705
2018-01-23,0.0013214778297636343
2018-01-24,-0.0012985928115094155
2018-01-25,0.00015948669962764976
2018-01-26,0.005458045358217652
2018-01-29,-0.0015594864819750735
2018-01-30,-0.00289495959302206
2018-01-31,0.001438432485393911
2018-02-01,-0.000243356690222211
2018-02-02,-0.005443465687365503
2018-02-05,-0.01126661100795811
2018-02-06,0.005433808443015067
2018-02-07,-0.0005570828446615676
2018-02-08,-0.007979357958647343
2018-02-09,0.003246510926830812
2018-02-12,0.0020178152797572283
2018-02-13,0.0010204718217203927
2018-02-14,0.0027808052260003308
2018-02-15,0.0016460109286483332
2018-02-16,5.312927229731754e-05
2018-02-20,-0.0008168740193368855
2018-02-21,-0.0011079681024920855
2018-02-22,0.00034958568102006366
2018-02-23,0.002369131303463282
2018-02-26,0.001485533884648011
2018-02-27,-0.001668000961500513
2018-02-28,-0.0013589907109374587
2018-03-01,-0.0025086542266975105
2018-03-02,0.0007701149278055101
2018-03-05,0.0014713539152023307
2018-03-06,-0.00010057025204278816
2018-03-07,0.0006268387810431143
2018-03-08,0.0002755215703156851
2018-03-09,0.00334643592273718
2018-03-12,-0.00035432664815363956
2018-03-13,-0.0012325495475233555
2018-03-14,-0.0014024739772607998
2018-03-15,4.441898714627551e-05
2018-03-16,4.667575182500444e-05
2018-03-19,-0.0024044722940601885
2018-03-20,0.002864875228146324
2018-03-21,-0.0022132858493946706
2018-03-22,-0.010157568268650503
2018-03-23,-0.0050277999765292875
2018-03-26,0.0076738599126649565
2018-03-27,-0.005837786332748338
2018-03-28,-0.000926555082158336
2018-03-29,0.003199407193220257
2018-04-02,-0.004052589683227518
2018-04-03,0.0018423923498740306
2018-04-04,0.003087411161265352
2018-04-05,0.0015958908455487948
2018-04-06,-0.004398572518433628
2018-04-09,0.0010924565890368136
2018-04-10,0.003179523090986154
2018-04-11,-0.001680246360376457
2018-04-12,0.0024423547767084644
2018-04-13,-0.0012190163111315887
2018-04-16,0.0014660377392872557
2018-04-17,0.002993050345023885
2018-04-18,0.00024922122246158734
2018-04-19,-4.119182965305849e-05
2018-04-20,-0.0015660960767984564
2018-04-23,-0.00040837431374353834
2018-04-24,-0.0027808892448611395
2018-04-25,-4.6218709032522775e-05
2018-04-26,0.003482978416798081
2018-04-27,0.0002013552827792098
2018-04-30,-0.00011250248067188131
2018-05-01,0.0015645332130247013
2018-05-02,-0.00021045708203501048
2018-05-03,0.00020800960219249427
2018-05-04,0.002341704669367366
2018-05-07,0.0012663051266912529
2018-05-08,0.0010551323335218482
2018-05-09,0.0026793962316362845
2018-05-10,0.002503658892010015
2018-05-11,0.0005675238206090745
2018-05-14,-0.00015324174932730247
2018-05-15,-0.002813191583468474
2018-05-16,0.001210168963720465
2018-05-17,-0.0004025407904208226
2018-05-18,-4.699267865309986e-05
2018-05-21,0.0014019030682669686
2018-05-22,-0.0005782525676493474
2018-05-23,0.0014902992900600687
2018-05-24,-0.0008769070458431875
2018-05-25,-0.0011515490063908175
2018-05-29,-0.0027557415447897163
2018-05-30,0.0038942010874228545
2018-05-31,-0.0016526824091926927
2018-06-01,0.0025379335953110297
2018-06-04,0.0023107699483930193
2018-06-05,0.000537776570587854
2018-06-06,0.0017867787443448485
2018-06-07,-0.0017864096699423552
2018-06-08,0.0009672190451838814
2018-06-11,0.0004121766550860884
2018-06-12,0.0012834131773521553
2018-06-13,-0.00014690240014340235
2018-06-14,0.0014762970510106535
2018-06-15,-0.0009809267901767264
2018-06-18,0.0012885680760421439
2018-06-19,-0.0013995745928239564
2018-06-20,0.0009336877807192872
2018-06-21,-0.0019715681180600114
2018-06-22,-0.0009271920442775249
2018-06-25,-0.005453083472031966
2018-06-26,0.0018521601388609178
2018-06-27,-0.002940705598534956
2018-06-28,0.0030572833245229784
2018-06-29,3.629221236240256e-05
2018-07-02,0.0016089969313109597
2018-07-03,-0.002347421080419225
2018-07-05,0.0027601254657131833
2018-07-06,0.0021378791813203364
2018-07-09,0.002118744674457884
2018-07-10,0.0010634965990518367
2018-07-11,-0.0007504093288046371
2018-07-12,0.003865627128377902
2018-07-13,0.0007251281963851924
2018-07-16,-0.0011936957429854436
2018-07-17,0.0012180093185279609
2018-07-18,0.0003053276921256102
2018-07-19,-0.0006902957354990338
2018-07-20,0.000558809239642488
2018-07-23,0.00019051732631956145
2018-07-24,0.0009000780611541971
2018-07-25,0.0035301133051822142
2018-07-26,-0.004820985585653777
2018-07-27,-0.0028267227446898634
2018-07-30,-0.003943396428275021
2018-07-31,0.00043460319418000735
2018-08-01,0.0015766620255832212
2018-08-02,0.0028133911048577507
2018-08-03,0.00048289426577416053
2018-08-06,0.0012525613723014845
2018-08-07,0.0011716738004731559
2018-08-08,0.0008715228103437063
2018-08-09,-0.0003628331727737426
2018-08-10,-0.0007508134404637261
2018-08-13,0.00013793122552225744
2018-08-14,0.002146301737566144
2018-08-15,-0.0020933955014556267
2018-08-16,0.0014554787443888761
2018-08-17,-0.0006090067996989787
2018-08-20,0.0009123004325195626
2018-08-21,-0.00018345491228169007
2018-08-22,0.0019207266247786943
2018-08-23,0.0008595208633709288
2018-08-24,0.002839980779555321
2018-08-27,0.0016077395773841353
2018-08-28,0.00035426629148996893
2018-08-29,0.0028941679929931964
2018-08-30,-0.0005623325709372723
2018-08-31,0.00047184838403420605
2018-09-04,-2.57996955060716e-05
2018-09-05,-0.00300644000180848
2018-09-06,-0.00018641192981103116
2018-09-07,5.132897431842273e-05
2018-09-10,0.00025871084260657056
2018-09-11,0.0016056761713177975
2018-09-12,0.00013561873531326056
2018-09-13,0.002264743552102237
2018-09-14,-0.0004931801165735531
2018-09-17,-0.0029581294754591056
2018-09-18,0.0015861324006743375
2018-09-19,-0.0011211363653762445
2018-09-20,0.001785053094048637
2018-09-21,-0.0007014602835372067
2018-09-24,0.0006139994105406055
2018-09-25,0.0009628471352079375
2018-09-26,-0.00039043554687764333
2018-09-27,0.001636428857753088
2018-09-28,0.0009460078868417971
2018-10-01,0.002160983644013094
2018-10-02,-0.0006774478937407496
2018-10-03,-0.00016360225428533516
2018-10-04,-0.003459937946380394
2018-10-05,-0.002568516885181471
2018-10-08,-0.002175468152638667
2018-10-09,0.0011761224285060173
2018-10-10,-0.011098621107428956
2018-10-11,-0.0037100140273793546
2018-10-12,0.008188350723539146
2018-10-15,-0.00432864638953304
2018-10-16,0.008113524231623705
2018-10-17,-0.0013194598109891012
2018-10-18,-0.013778451958065338
2018-10-19,-0.003987321866052491
2018-10-22,0.004526984975854703
2018-10-23,-0.006023669958831662
2018-10-24,-0.03355929351223984
2018-10-25,0.027127989506091733
2018-10-26,-0.01666095267341191
2018-10-29,-0.013425154632065388
2018-10-30,0.0011055390091588091
2018-10-31,0.003758127853064391
2018-11-01,-0.00018278365631509307
2018-11-02,-0.000828554620855412
2018-11-05,0.0017064714460910092
2018-11-06,0.00046329864346052944
2018-11-07,0.011087627329487235
2018-11-08,0.001349086588297625
2018-11-09,0.0003159447399900668
2018-11-12,-0.007492375389300455
2018-11-13,-0.0028725144406937346
2018-11-14,-0.006119011150725186
2018-11-15,0.0024095885638347977
2018-11-16,0.006984162230190023
2018-11-19,-0.0024297890510486062
2018-11-20,-0.003508989702776123
2018-11-21,-0.0013493654378119516
2018-11-23,0.00017550176655231316
2018-11-26,0.001240395837215465
2018-11-27,0.001895214577453189
2018-11-28,0.004218465838892449
2018-11-29,0.0002617912338191606
2018-11-30,0.006473798108882722
2018-12-03,-0.0014278058487624012
2018-12-04,-0.013282123865098272
2018-12-06,0.0017591315871548455
2018-12-07,-0.013381453508349432
2018-12-10,0.0028985743154126328
2018-12-11,0.002832730463347625
2018-12-12,-0.00027067097879011936
2018-12-13,0.0012096439274777515
2018-12-14,-0.005790673468048767
2018-12-17,-0.004092845413243004
2018-12-18,-0.00038201556629509337
2018-12-19,-0.0011162118830850927
2018-12-20,-0.0024186800203531565
2018-12-21,-0.0017959445414271573
2018-12-24,-0.004910133631394829
2018-12-26,0.006228234894196361
2018-12-27,0.0014879665534988957
2018-12-28,-2.0255972451370024e-05
2018-12-31,0.001174285882188915
2019-01-02,-0.0010369730859603455
2019-01-03,-0.014262471548774166
2019-01-04,0.020948939061720573
2019-01-07,-0.0012263562448086968
2019-01-08,0.007182016930138042
2019-01-09,-0.0039488412515422695
2019-01-10,0.0001376293161147338
2019-01-11,0.0008347303096846011
2019-01-14,-0.0020364591347611094
2019-01-15,0.002961016880837493
2019-01-16,-0.0012775213330298138
2019-01-17,0.002082073225647292
2019-01-18,0.0010133866532730637
2019-01-22,8.561584896344245e-05
2019-01-23,0.003491491106388811
2019-01-24,-0.0031272869004622516
2019-01-25,-0.001825251473931743
2019-01-28,-0.00038386359238975245
2019-01-29,0.00019685855128849712
2019-01-30,0.000981237619832657
2019-01-31,0.0027428234113567474
2019-02-01,0.0005208576293318052
2019-02-04,0.0012808007635750687
2019-02-05,0.00041388221810720354
2019-02-06,-0.0003035493022644568
2019-02-07,-0.0019801868890138292
2019-02-08,0.0008291670859745064
2019-02-11,-0.00013107237076704262
2019-02-12,0.003065162458308554
2019-02-13,0.00030498430802280524
2019-02-14,-0.001662718943888676
2019-02-15,0.002423278598241182
2019-02-19,-0.0004978274960140394
2019-02-20,0.00032338419708007976
2019-02-21,0.00017854525711706593
2019-02-22,0.0014542356566642279
2019-02-25,-0.00048129140964907346
2019-02-26,0.000796338703895394
2019-02-27,-0.00026794348967870484
2019-02-28,4.6331250585289864e-05
2019-03-01,0.002422003090584303
2019-03-04,-0.0033111281739677994
2019-03-05,0.00036863259966321094
2019-03-06,-0.0014252991346911223
2019-03-07,-0.0018052242458290423
2019-03-08,-0.0007099734722113612
2019-03-11,0.0032575421773129633
2019-03-12,0.0008471612067603475
2019-03-13,0.0016845451373340217
2019-03-14,2.630515013458956e-06
2019-03-15,0.0014899405917166916
2019-03-18,0.0004328764216407592
2019-03-19,0.0011984727243127685
2019-03-20,1.1351751649993705e-05
2019-03-21,0.003130427366194243
2019-03-22,-0.0033643728397863334
2019-03-25,0.0006271232597789937
2019-03-26,0.0021513162879212774
2019-03-27,-0.002179668230539231
2019-03-28,0.0009484927615389851
2019-03-29,0.0017205534939717902
2019-04-01,0.0018252162917254035
2019-04-02,4.6383871215999184e-05
2019-04-03,-1.3240668848016335e-05
2019-04-04,-0.0014317245813246433
2019-04-05,0.000640545532317068
2019-04-08,0.00042724035066030354
2019-04-09,-0.00037579647380439607
2019-04-10,0.0011573448084542543
2019-04-11,-0.0005845912769279002
2019-04-12,0.0011116782741435129
2019-04-15,0.0005475818982431417
2019-04-16,-0.0017163306278281665
2019-04-17,-0.0013466518032011503
2019-04-18,0.0002860700228819994
2019-04-22,0.0003977973371630749
2019-04-23,0.002267100251139183
2019-04-24,-7.402121352560834e-05
2019-04-25,0.0023878917703825443
2019-04-26,0.0015804202559678258
2019-04-29,0.0005987236980834569
2019-04-30,0.00204996532886854
2019-05-01,-0.002461066624247466
2019-05-02,-0.0006764606410190998
2019-05-03,0.0015425388906681805
2019-05-06,-0.0013682952990539767
2019-05-07,-0.004624509277219221
2019-05-08,-8.442071210804276e-05
2019-05-09,-0.0005295810592377436
2019-05-10,0.001404709423700347
2019-05-13,-0.006821971308579197
2019-05-14,0.003157138729327657
2019-05-15,0.0023190080769340724
2019-05-16,0.0029924520141866844
2019-05-17,-0.0022844119852170218
2019-05-20,-0.0021084650997345135
2019-05-21,0.0012370905515701857
2019-05-22,0.0009581125785877923
2019-05-23,-0.0037448689669869265
2019-05-24,9.444961172775193e-05
2019-05-28,-0.0004459616824672552
2019-05-29,-0.0019562997969011435
2019-05-30,0.0015017404867539682
2019-05-31,-0.003605472980273984
2019-06-03,-0.004632358812772999
2019-06-04,0.005809912763858455
2019-06-05,0.002993474603081492
2019-06-06,0.0020849962917893483
2019-06-07,0.003139020828564756
2019-06-10,0.0008203900173414893
2019-06-11,2.397856329412237e-05
2019-06-12,0.0005954157158993427
2019-06-13,0.00025238127246531657
2019-06-14,-0.0005259063453046388
2019-06-17,-1.4179590493605199e-05
2019-06-18,0.001462510069740641
2019-06-19,0.0019124404300301621
2019-06-20,0.0029213320096571744
2019-06-21,-0.0008092175890693609
2019-06-24,0.0008641937753637789
2019-06-25,-0.0024211203865210085
2019-06-26,-0.0009192267008136839
2019-06-27,0.0008303379637553825
2019-06-28,0.0008095660116175592
2019-07-01,0.002661799934462335
2019-07-02,0.0014852624631421136
2019-07-03,0.0021555828107267215
2019-07-05,-0.001342113835140322
2019-07-08,-0.00038508981193306665
2019-07-09,0.0007181377771067827
2019-07-10,0.0018698940756491738
2019-07-11,0.0001893463505253951
2019-07-12,0.00046837235832791573
2019-07-15,0.0004435533186206265
2019-07-16,-0.0009208369488501769
2019-07-17,-0.0003093029920019475
2019-07-18,0.0009757483997872796
2019-07-19,-0.00218799781440858
2019-07-22,0.0011083030045880016
2019-07-23,0.001170705354803381
2019-07-24,-0.00014718570922897338
2019-07-25,-0.0008535889402384126
2019-07-26,0.0014219997304097639
2019-07-29,-0.0006247975971371112
2019-07-30,-0.0007804868140274979
2019-07-31,-0.004238619070984711
2019-08-01,-0.00016067086733284968
2019-08-02,-0.0012959068620822909
2019-08-05,-0.008248395344207257
2019-08-06,0.004593047858699731
2019-08-07,0.0021327780546515074
2019-08-08,0.004406318877688135
2019-08-09,-0.0013694140363422317
2019-08-12,-0.0026659838007273666
2019-08-13,0.0034823780305300255
2019-08-14,-0.004884362729466591
2019-08-15,0.0021388577056721775
2019-08-16,0.002247184593847661
2019-08-19,0.0017565437104392135
2019-08-20,-0.0006770191031571936
2019-08-21,0.0016608134073851893
2019-08-22,-7.908296207191967e-05
2019-08-23,-0.003945132401721796
2019-08-26,0.0023370787571378292
2019-08-27,0.0008310863420510929
2019-08-28,0.0006568353383499359
2019-08-29,0.0019487155398140402
2019-08-30,-0.00026375926167612805
2019-09-03,-0.0008181054479909186
2019-09-04,0.002066400993521651
2019-09-05,0.0015465611840445475
2019-09-06,0.0007130757907583445
2019-09-09,-0.0020366088797658367
2019-09-10,-0.002292996426466833
2019-09-11,0.0009103735279441939
2019-09-12,0.0016830516737950873
2019-09-13,-0.0013513823253033866
2019-09-16,-0.0020884473354882203
2019-09-17,0.0011944078814608552
2019-09-18,0.0004615887314018611
2019-09-19,0.0004017392710263116
2019-09-20,-0.0016363546104475617
2019-09-23,0.0005495105689773942
2019-09-24,-0.0011275583483816203
2019-09-25,0.00022487656115724092
2019-09-26,0.001044666868519173
2019-09-27,-0.001203033977556528
2019-09-30,0.001826516998120381
2019-10-01,-0.0014925641385428717
2019-10-02,-0.005159339850936636
2019-10-03,0.002680333140450142
2019-10-04,0.004255150645626423
2019-10-07,-0.0014667907940220917
2019-10-08,-0.0027383801876436427
2019-10-09,0.0028145752247947203
2019-10-10,0.0007942889725177982
2019-10-11,0.0012927686141489259
2019-10-14,-0.00019730317363734757
2019-10-15,0.0011483642136839833
2019-10-16,-0.0002496494386499959
2019-10-17,-0.0004082943564486191
2019-10-18,-0.0003465352146309349
2019-10-21,0.004653193496276871
2019-10-22,-0.012120664010492551
2019-10-23,0.004596015860617582
2019-10-24,0.005115448590364797
2019-10-25,-0.0009255569977063562
2019-10-28,0.00613832836854861
2019-10-29,-0.004512283169658112
2019-10-30,0.008577583685488962
2019-10-31,-0.0008582381866663489
2019-11-01,0.0036032461969326807
2019-11-04,-0.004058687082614444
2019-11-05,-0.007138752305541999
2019-11-06,0.0035289319616650383
2019-11-07,0.001704930225578319
2019-11-08,0.001432571484368404
2019-11-11,-0.0013384912454916637
2019-11-12,0.0018444077241651091
2019-11-13,0.006453817364205645
2019-11-14,0.0019462786749184224
2019-11-15,0.0016813150932140004
2019-11-18,0.004868831350607831
2019-11-19,-0.002134225249125749
2019-11-20,-0.0022170891352042343
2019-11-21,-0.0035928758440429416
2019-11-22,8.93335237172372e-05
2019-11-25,0.008704502651846356
2019-11-26,0.006049033916572101
2019-11-27,0.003960917520265854
2019-11-29,-0.0026417286132887387
2019-12-02,-0.007615594595560556
2019-12-03,-0.007378290901668392
2019-12-04,0.007172551169430414
2019-12-05,0.001779892867474094
2019-12-06,0.010713305250516768
2019-12-09,-0.0023981523359835055
2019-12-10,0.0025777740702598606
2019-12-11,0.004850805343675421
2019-12-12,0.011442137942645488
2019-12-13,-0.0033290303886134667
2019-12-16,0.01280164839941292
2019-12-17,0.001999744707581167
2019-12-18,0.0014188086615812313
2019-12-19,0.006305040382986715
2019-12-20,0.003299823375142815
2019-12-23,0.0030081586724863747
2019-12-24,0.0008762271322558951
2019-12-26,0.005986569678769907
2019-12-27,-0.0013109050549170217
2019-12-30,-0.009288259618689664
2019-12-31,0.003094863713124241
2020-01-02,0.012688747234333848
2020-01-03,-0.010547221422655894
2020-01-06,0.0066430124448346424
2020-01-07,-0.001449486303552653
2020-01-08,0.01123958283137511
2020-01-09,-0.00011600203327312235
2020-01-10,-0.0006616842236306338
2020-01-13,0.0037300530292196914
2020-01-14,4.829407281987667e-05
2020-01-15,-0.000318748098322034
2020-01-16,0.001956234313257754
2020-01-17,0.000937398679897683
2020-01-21,0.0004327009011116101
2020-01-22,0.0012499985075901019
2020-01-23,0.00011148989516369475
2020-01-24,-0.002449350999531517
2020-01-27,-0.004849547054300241
2020-01-28,0.00412606886647133
2020-01-29,0.0005924305304785864
2020-01-30,0.0008427455743945265
2020-01-31,-0.005467125190416976
2020-02-03,0.006543059732831525
2020-02-04,0.0036987763433840915
2020-02-05,0.0013632423350965243
2020-02-06,0.0016059681420713895
2020-02-07,-0.001502299475471139
2020-02-10,0.003334254656977429
2020-02-11,-0.00032157337275359147
2020-02-12,0.0011845314061906256
2020-02-13,-0.0004455879872411037
2020-02-14,0.0025107387551285
2020-02-18,-3.078969905881209e-05
2020-02-19,0.002769601902859216
2020-02-20,-0.0015013443903538401
2020-02-21,-0.003448706270290417
2020-02-24,-0.009412349120881689
2020-02-25,-0.006713433502312261
2020-02-26,-8.044615081152464e-05
2020-02-27,-0.00863951650311547
2020-02-28,-0.000401554120422423
2020-03-02,0.007555724815449065
2020-03-03,-0.003825323950733372
2020-03-04,0.005635176189034188
2020-03-05,-0.004369563970230695
2020-03-06,-0.002857659493170352
2020-03-09,-0.007738966538993482
2020-03-10,0.005139041196420948
2020-03-11,-0.0034682812015988376
2020-03-12,-0.007008005183819644
2020-03-13,0.00612113725930903
2020-03-16,-0.007224349648277642
2020-03-17,0.002755807211548143
2020-03-18,-0.0027010030872106315
2020-03-19,0.000350471724797191
2020-03-20,-0.0025110601834578217
2020-03-23,0.000856518166446438
2020-03-24,0.0030683973611096453
2020-03-25,-3.984491488813807e-06
2020-03-26,0.0025722162898195676
2020-03-27,-0.0015660611951900196
2020-03-30,0.0015471616835093615
2020-03-31,-0.0005212930704632013
2020-04-01,-0.0019977490817344335
2020-04-02,0.0008314990125420077
2020-04-03,-8.20648162668593e-05
2020-04-06,0.0
2020-04-07,0.0
2020-04-08,0.0
2020-04-09,0.0
2020-04-13,0.0
2020-04-14,0.0
2020-04-15,0.0
2020-04-16,0.0
2020-04-17,0.0
2020-04-20,0.0
2020-04-21,0.0
2020-04-22,0.0
2020-04-23,0.0
2020-04-24,0.0
2020-04-27,0.0
2020-04-28,0.0
2020-04-29,0.0
2020-04-30,0.0
2020-05-01,0.0
2020-05-04,0.0
2020-05-05,0.0018092415696149067
2020-05-06,-0.0006656698738264183
2020-05-07,-0.0014955159237993421
2020-05-08,0.0004994597569146048
2020-05-11,0.002688813463095298
2020-05-12,-0.00016497415024919036
2020-05-13,-0.00070404552948114
2020-05-14,0.0003475907501286422
2020-05-15,0.0013991940625780314
2020-05-18,0.0007486560292447391
2020-05-19,-0.001006931716516473
2020-05-20,-0.0008442789134700407
2020-05-21,-0.0001712482845917346
2020-05-22,-0.0009246334914020841
2020-05-26,-0.0009629135403174053
2020-05-27,-0.0008817253893030302
2020-05-28,0.002167622288462599
2020-05-29,0.0018292552546650285
2020-06-01,-0.001223860878666169
2020-06-02,0.0005694823823375583
2020-06-03,-0.000490606854530046
2020-06-04,-0.0027831570357074596
2020-06-05,0.0036338974049649124
2020-06-08,0.0012806502313846392
2020-06-09,0.0010570283469083486
2020-06-10,0.0029149840439643745
2020-06-11,-0.009773022190521856
2020-06-12,0.0009124838348108345
2020-06-15,0.001058774440103306
2020-06-16,0.0034605863798372336
2020-06-17,0.0003770079209900711
2020-06-18,0.00017025390270991432
2020-06-19,-8.430679450370069e-05
2020-06-22,0.001945038953275388
2020-06-23,0.0010414166171661436
2020-06-24,-0.0030059571235082306
2020-06-25,0.002311844372049076
2020-06-26,-0.0034361077964236626
2020-06-29,0.0014431592910200206
2020-06-30,0.002905223923119267
2020-07-01,0.0011467733535172086
2020-07-02,0.0011945589073308355
2020-07-06,0.0028167317995089615
2020-07-07,-0.0009689966032986661
2020-07-08,0.002179108246858227
2020-07-09,0.000618980980186047
2020-07-10,1.8083208050782534e-05
2020-07-13,-0.003614505928924641
2020-07-14,0.002580658037777627
2020-07-15,-0.0005227110662393813
2020-07-16,-0.0012703921936722702
2020-07-17,0.0006891122715438594
2020-07-20,0.00525772041040342
2020-07-21,-0.002196921569611714
2020-07-22,0.0011536753949302652
2020-07-23,-0.0044427401147129385
2020-07-24,-0.0005614430717948367
2020-07-27,0.0027677143508352234
2020-07-28,-0.0028139742685045805
2020-07-29,0.003113231887276996
2020-07-30,0.0007281792307589076
2020-07-31,0.0029227699893781245
2020-08-03,0.00404898433735094
2020-08-04,1.536159433378133e-05
2020-08-05,0.0009846803578746751
2020-08-06,0.003341495022805785
2020-08-07,-0.001571460853780509
2020-08-10,-0.0015216682869616442
2020-08-11,-0.003606455663432045
2020-08-12,0.0055419305795008054
2020-08-13,0.0003122009496123714
2020-08-14,-0.00038430791898969464
2020-08-17,0.0033449333972214003
2020-08-18,0.0013240280209712405
2020-08-19,-0.00029857951108553033
2020-08-20,0.002165662813135313
2020-08-21,0.0009772410126488611
2020-08-24,0.0004343982310933714
2020-08-25,0.0026290216511035396
2020-08-26,0.009998731959487202
2020-08-27,-0.001144560903449174
2020-08-28,0.0017816441925347115
2020-08-31,8.172517014764418e-05
2020-09-01,0.002878136654910954
2020-09-02,0.0039516862907515785
2020-09-03,-0.013336343400603185
2020-09-04,-0.0032634663290378105
2020-09-08,-0.007437032595390688
2020-09-09,0.006170702444004511
2020-09-10,-0.0036511474847813353
2020-09-11,-0.00022343740265865292
2020-09-14,0.0026588932521372363
2020-09-15,0.0016115638236616156
2020-09-16,-0.002267925808141921
2020-09-17,-0.0015087809562266698
2020-09-18,-0.002763379435786367
2020-09-21,7.246230913029918e-05
2020-09-22,0.003268882324131085
2020-09-23,-0.005207008475779209
2020-09-24,-5.5156302390074974e-05
2020-09-25,0.0027676939868018814
2020-09-28,0.002806081211280881
2020-09-29,-6.494601659752048e-05
2020-09-30,0.0017229890674476942
2020-10-01,0.001395521869701013
2020-10-02,-0.002051391578202177
2020-10-05,0.002991051259842261
2020-10-06,-0.0018873765899311572
2020-10-07,0.0028066211975831695
2020-10-08,0.0010719084239186698
2020-10-09,0.0022980227544740295
2020-10-12,0.002129433515611695
2020-10-13,0.0005480359144535769
2020-10-14,-0.0020517746525923895
2020-10-15,-0.0006478956534910009
2020-10-16,0.0017589903716577076
2020-10-19,-0.01190080156803356
2020-10-20,0.005008577033429444
2020-10-21,0.002531184804813808
2020-10-22,-8.475259125028187e-06
2020-10-23,0.0025307546141626414
2020-10-26,-0.019202008635423016
2020-10-27,0.005067290244083196
2020-10-28,-0.03442699902699333
2020-10-29,0.0032776878251529313
2020-10-30,-0.011109629448679265
2020-11-02,0.004527397761144211
2020-11-03,0.013622624997142058
2020-11-04,0.01968625051670362
2020-11-05,0.012784194777285558
2020-11-06,0.0024693873129552073
2020-11-09,-0.0214117113406196
2020-11-10,-0.007559778344230363
2020-11-11,0.014633634312560208
2020-11-12,-0.004208835278942654
2020-11-13,0.006003017537534963
2020-11-16,0.0010289859049405642
2020-11-17,-0.0013065518735175822
2020-11-18,-0.007259579192355577
2020-11-19,0.005722753282372172
2020-11-20,-0.005417883434956596
2020-11-23,0.0005546521820597324
2020-11-24,0.004293469170537364
2020-11-25,-0.0003903313592070544
2020-11-27,0.004474757186534793
2020-11-30,0.004007368883827492
2020-12-01,0.003271276588893791
2020-12-02,-0.003760085537053604
2020-12-03,-0.006319278388590041
2020-12-04,0.00637534572058888
2020-12-07,-0.0007368613166223587
2020-12-08,0.006782473818268894
2020-12-09,-0.012411840992657339
2020-12-10,-0.00393550777249238
2020-12-11,-0.0017852567330701868
2020-12-14,-0.0037234229117741185
2020-12-15,0.00825535017866054
2020-12-16,0.006161795895073513
2020-12-17,0.009608466583512304
2020-12-18,-0.0016914266742986545
2020-12-21,-0.0031312050894085064
2020-12-22,-0.0007839587917176094
2020-12-23,-0.004615489123057773
2020-12-24,0.003743440976782808
2020-12-28,0.016951246157732358
2020-12-29,-0.0018264109553385866
2020-12-30,-0.0012187568596382509
2020-12-31,0.004750535183035698
2021-01-04,0.0
2021-01-05,0.003010283382373859
2021-01-06,-0.009843332051825276
2021-01-07,0.025438050442306154
2021-01-08,0.010780144078792131
2021-01-11,-0.0038099800442039354
2021-01-12,-0.0013207295821570653
2021-01-13,0.0021076176564395893
2021-01-14,-0.0022077780525023086
2021-01-15,-0.0009672790976541154
2021-01-19,0.0014200409853978024
2021-01-20,0.004655054218457674
2021-01-21,0.002797453865312896
2021-01-22,0.0009507071521491772
2021-01-25,0.002140673661449176
2021-01-26,-0.0008084866557489245
2021-01-27,-0.007654011020136513
2021-01-28,0.0007339286807091019
2021-01-29,-0.001656557525149309
2021-02-01,0.0036543456517278625
2021-02-02,0.00302713006760906
2021-02-03,-0.003808534049275513
2021-02-04,0.0036726045274738353
2021-02-05,-0.0014013279947095324
2021-02-08,0.0017178237920466668
2021-02-09,-0.0002803126137240361
2021-02-10,-0.0016200317269954904
2021-02-11,0.0017954820660866506
2021-02-12,0.0020833559244526675
2021-02-16,-0.00117877454909338
2021-02-17,-0.0036405696853898852
2021-02-18,-0.0008261991483055536
2021-02-19,0.0018126381770252906
2021-02-22,-0.00695801362892351
2021-02-23,-0.0012550270315135467
2021-02-24,0.0017887973060333182
2021-02-25,-0.009805904310828234
2021-02-26,0.0035107537772593863
2021-03-01,0.011279831688101132
2021-03-02,-0.00458645064068398
2021-03-03,-0.007297628637378378
2021-03-04,-0.00690842166176103
2021-03-05,0.0029150014064804977
2021-03-08,-0.003913455934420388
2021-03-09,0.0006202030649504769
2021-03-10,0.0022466518591687528
2021-03-11,0.0012885085997059425
2021-03-12,0.0019405480378711214
2021-03-15,-0.004000588421580521
2021-03-16,4.164575470468514e-05
2021-03-17,0.00010758398952968118
2021-03-18,-0.0036916469423379896
2021-03-19,0.0007714274789602725
2021-03-22,-0.0011167606960431973
2021-03-23,-0.003340561316767007
2021-03-24,-0.000659851588331866
2021-03-25,0.0021526748459341546
2021-03-26,0.006107903742011867
2021-03-29,-0.0015701973474739545
2021-03-30,-0.0021248696887513374
2021-03-31,3.3862737299106874e-05
2021-04-01,0.004163063513235935
2021-04-05,0.001048695681063458
2021-04-06,-0.0016460744504054395
2021-04-07,0.002165668161560164
2021-04-08,-0.0008029221495282415
2021-04-09,0.0013409569249076408
2021-04-12,-0.001153488031519205
2021-04-13,-0.001390305026429603
2021-04-14,0.0011811023748894076
2021-04-15,-0.0005523159627819074
2021-04-16,0.0007062060009442109
2021-04-19,-0.00023969712298856777
2021-04-20,-0.004733332990417456
2021-04-21,0.002366624963859844
2021-04-22,-0.0034204841111600895
2021-04-23,0.004186687938962694
2021-04-26,0.0009163513517994742
2021-04-27,0.0013384908696719017
2021-04-28,0.004380302296959876
2021-04-29,0.004687584009485379
2021-04-30,-0.004265737206563175
2021-05-03,0.0013118999836442685
2021-05-04,0.0009682097127929126
2021-05-05,0.003509195260921777
2021-05-06,0.002817953525628581
2021-05-07,0.0017231616098357771
2021-05-10,-0.0009316633275818775
2021-05-11,-0.0045568242130822716
2021-05-12,-0.002851329967140648
2021-05-13,0.002518948384582942
2021-05-14,0.003896459332460067
2021-05-17,0.0019066132085916623
2021-05-18,-0.003161598747804306
2021-05-19,-0.0017146449164410272
2021-05-20,0.00035062948434598235
2021-05-21,0.0013577992985521702
2021-05-24,0.0025029667670403047
2021-05-25,-0.002082005560749184
2021-05-26,0.0010015386072902144
2021-05-27,0.0006307801359464849
2021-05-28,-0.0006015952806817826
2021-06-01,0.00285145332037679
2021-06-02,9.391691899684476e-05
2021-06-03,0.0005776451301076736
2021-06-04,0.001020175258770739
2021-06-07,0.00043354156470374927
2021-06-08,-0.0014483719733605629
2021-06-09,-0.0018645928558861159
2021-06-10,-0.00043229060456665975
2021-06-11,0.001036385737551321
2021-06-14,0.00031371982668716453
2021-06-15,-0.0017829986955036126
2021-06-16,-0.00041809471322392104
2021-06-17,-2.9608316032542128e-05
2021-06-18,-0.004284390459872168
2021-06-21,0.0026388889686116412
2021-06-22,0.0026772112267178403
2021-06-23,0.001188889788480724
2021-06-24,0.0021654054815731906
2021-06-25,0.0007577384979975843
2021-06-28,0.004626581992399098
2021-06-29,-0.0013979061202123388
2021-06-30,0.0001405701667705761
2021-07-01,0.002500641161332107
2021-07-02,0.0013552485307812391
2021-07-06,-0.0015341033903976567
2021-07-07,-0.0026293657159340037
2021-07-08,-0.003287951363882352
2021-07-09,0.0026956553807596095
2021-07-12,0.002593837042410188
2021-07-13,-0.0011053260044524074
2021-07-14,-0.0029989143962286663
2021-07-15,-0.004536308156379204
2021-07-16,-0.004997720097760415
2021-07-19,-0.0019673541385855087
2021-07-20,0.0018226626116932265
2021-07-21,0.006189422712632883
2021-07-22,0.0012120234255550769
2021-07-23,0.005354304963637813
2021-07-26,0.0016647339470907963
2021-07-27,-0.0027490902554506494
2021-07-28,0.00429814616522485
2021-07-29,-0.0013784170701153856
2021-07-30,-0.002796666728696516
2021-08-02,0.00011173880487443111
2021-08-03,0.0011119851077726478
2021-08-04,0.0011214217829577378
2021-08-05,0.0023151788911921715
2021-08-06,-0.0009677948113851476
2021-08-09,0.0005319619957912525
2021-08-10,-0.0011553106976864404
2021-08-11,-0.0015971422114616609
2021-08-12,0.0019385077655617922
2021-08-13,0.0013521208922418705
2021-08-16,0.001142514583876514
2021-08-17,-0.0025735312869966057
2021-08-18,-0.0033531729621017084
2021-08-19,0.003248167390452667
2021-08-20,0.004667434628306943
2021-08-23,0.00441213956872838
2021-08-24,-0.0005567603990814131
2021-08-25,0.0018227803181018077
2021-08-26,-0.0019142898325850864
2021-08-27,0.003494642275164506
2021-08-30,0.0024559303046925
2021-08-31,-0.001728377338937698
2021-09-01,0.000648658668402996
2021-09-02,-0.001322610708691013
2021-09-03,0.0014364697957636953
2021-09-07,-0.0017772737206478485
2021-09-08,-0.0009420325129906537
2021-09-09,-0.0033279368551005105
2021-09-10,-0.00044067250053588257
2021-09-13,-0.0019387301216624631
2021-09-14,-0.0005679840511053636
2021-09-15,0.002811175701840396
2021-09-16,-0.0010952808281575466
2021-09-17,-0.003747583960825169
2021-09-20,-0.003672266494404169
2021-09-21,0.0002977670881561812
2021-09-22,0.0006755382273047005
2021-09-23,0.004041165286340843
2021-09-24,-0.0018397326304009642
2021-09-27,-0.004720764038537328
2021-09-28,-0.008736722334538854
2021-09-29,0.0007960856007423188
2021-09-30,-0.00034667804034920206
2021-10-01,0.0017432143059652073
2021-10-04,-0.006992745430845422
2021-10-05,0.0019852860544072883
2021-10-06,0.001386479764946313
2021-10-07,0.002198101671717614
2021-10-08,-0.00014480664688951015
2021-10-11,-0.0011929990032241646
2021-10-12,-0.000817173017657386
2021-10-13,-9.063585238827245e-05
2021-10-14,0.004840696110909213
2021-10-15,0.003288801297627962
2021-10-18,0.003256805473238832
2021-10-19,0.0022289637244196575
2021-10-20,0.006566859670253799
2021-10-21,0.009661742734446675
2021-10-22,0.003741257315593094
2021-10-25,0.026886543796268206
2021-10-26,0.0016774720545152946
2021-10-27,0.012671397113920268
2021-10-28,0.013638785284257882
2021-10-29,0.014480863415922009
2021-11-01,0.011905242592102946
2021-11-02,-0.0008036801209289509
2021-11-03,0.0018273348536064853
2021-11-04,0.030807375130730674
2021-11-05,-0.003236022319345472
2021-11-08,0.013705893549366577
2021-11-09,-0.004595393701668754
2021-11-10,-0.0198397196691191
2021-11-11,0.013270284823131195
2021-11-12,0.0032012742041774567
2021-11-15,-0.0036848880756423508
2021-11-16,0.005509870692863239
2021-11-17,-0.009897245767111096
2021-11-18,0.01710586920127133
2021-11-19,0.005220230146729038
2021-11-22,-0.00893751463710224
2021-11-23,-0.001198911182804352
2021-11-24,0.006232290863239565
2021-11-26,-0.02915197993634633
2021-11-29,0.03022685113488971
2021-11-30,-0.025795043579269344
2021-12-01,-0.04274770689245691
2021-12-02,0.02191072121307855
2021-12-03,-0.0073537073770749296
2021-12-06,0.01242170547704909
2021-12-07,0.014481139364946273
2021-12-08,-0.010032839964005513
2021-12-09,-0.004754224108960589
2021-12-10,0.03050853054947813
2021-12-13,-0.010552614440874266
2021-12-14,-0.017587919150164902
2021-12-15,0.0198547676882468
2021-12-16,-0.019597824477530213
2021-12-17,-0.011061150549059989
2021-12-20,-0.0017629926454318942
2021-12-21,0.005165763665911287
2021-12-22,0.00944734773227594
2021-12-23,0.0022265017041374507
2021-12-27,0.015461032108673693
2021-12-28,0.0008856266133885123
2021-12-29,0.004891804944293542
2021-12-30,-0.0048811407062391435
2021-12-31,0.0029525816507469447
2022-01-03,0.0
2022-01-04,-0.002021607552832092
2022-01-05,-0.028195864936107
2022-01-06,-0.019264434327616226
2022-01-07,-0.024006586348267762
2022-01-10,-0.0034249488632922716
2022-01-11,0.0011096241217689224
2022-01-12,0.0012744466136064465
2022-01-13,-0.00823282412960043
2022-01-14,-0.004200972979093285
2022-01-18,-0.006266144765269413
2022-01-19,-0.0027226670579929557
2022-01-20,-0.003903593019824273
2022-01-21,-0.004130241757958166
2022-01-24,0.0034030619235203745
2022-01-25,-0.004114188171892241
2022-01-26,0.0034000653641252463
2022-01-27,-0.0015025093206897284
2022-01-28,0.006817508565559201
2022-01-31,0.008592832360794573
2022-02-01,0.0014763265905058107
2022-02-02,0.004033815324646355
2022-02-03,-0.0011396766216399128
2022-02-04,0.0021151565419568513
2022-02-07,0.0028211095963653187
2022-02-08,-0.002145037079809695
2022-02-09,0.0001757250823423647
2022-02-10,-0.0015602439622996191
2022-02-11,0.0023497791503478867
2022-02-14,-0.0013582536475382683
2022-02-15,-0.00042939884027499
2022-02-16,0.0007044354453487056
2022-02-17,-0.0007352877123108204
2022-02-18,-0.001052988358378738
2022-02-22,-0.0005078680685232398
2022-02-23,0.0020326154677317667
2022-02-24,-0.0015523147386726965
2022-02-25,0.005202347319965739
2022-02-28,0.0010717243772167715
2022-03-01,0.002637149575204528
2022-03-02,0.003311598112313465
2022-03-03,0.0013477763838250496
2022-03-04,0.0029408963437583227
2022-03-07,-0.0008105033702758103
2022-03-08,0.000800670132665612
2022-03-09,-0.0002588443729111193
2022-03-10,0.0016358897814992422
2022-03-11,-0.0011123682020936975
2022-03-14,-0.0014270675730699085
2022-03-15,-0.000580663804477325
2022-03-16,0.0005302773813773231
2022-03-17,0.002016786285080819
2022-03-18,0.0005327335800610248
2022-03-21,0.0018312359857168199
2022-03-22,0.00011990047272811902
2022-03-23,-0.0002119561922692966
2022-03-24,0.0024942853118357475
2022-03-25,0.0014943412918584976
2022-03-28,-0.0011106564442176293
2022-03-29,-0.0002348910395589104
2022-03-30,0.0012047274854845857
2022-03-31,-0.002097045663228532
2022-04-01,0.000607318517344811
2022-04-04,0.00012786654867981819
2022-04-05,6.551275880256071e-07
2022-04-06,0.0054035002666649855
2022-04-07,0.0031360381069778205
2022-04-08,0.0024546045106248852
2022-04-11,-0.0044131333744421115
2022-04-12,0.00018214373192792035
2022-04-13,-0.0030726188332758646
2022-04-14,0.0013172794806497043
2022-04-18,-0.0011092741947246504
2022-04-19,-0.0028459164928525803
2022-04-20,-0.0005671018506882207
2022-04-21,-0.003427576038663225
2022-04-22,-0.006035370720304307
2022-04-25,0.0006554684153025943
2022-04-26,-0.0010280221961152223
2022-04-27,0.0009101187771488506
2022-04-28,0.004468014314084115
2022-04-29,-0.0061886279452465715
2022-05-02,0.0008457918037567222
2022-05-03,0.0011794309997958442
2022-05-04,0.0034371858637076533
2022-05-05,-0.0012214593523525443
2022-05-06,0.0016167271419585327
2022-05-09,-0.00469546110672513
2022-05-10,4.06925551586967e-05
2022-05-11,0.0010331472612916327
2022-05-12,0.0012011092488967783
2022-05-13,0.0015856232155229996
2022-05-16,0.002236107729077847
2022-05-17,0.00042193273676441567
2022-05-18,-0.0033798179065363163
2022-05-19,-0.0012143081254381639
2022-05-20,0.0014823503094706907
2022-05-23,0.0015115089386130934
2022-05-24,0.0010187548363973632
2022-05-25,0.0013183365051658168
2022-05-26,0.0005685655597231478
2022-05-27,0.0012006729434060177
2022-05-31,-0.0024761047702942652
2022-06-01,0.00016609394381281452
2022-06-02,-0.0003721016227206047
2022-06-03,0.0002820625549852426
2022-06-06,-0.0002805764339110984
2022-06-07,0.0031064527436830886
2022-06-08,0.00029353479248853196
2022-06-09,-0.0032920749415181337
2022-06-10,-0.002076162935181477
2022-06-13,-0.004166882564868925
2022-06-14,-0.00021659760217749153
2022-06-15,-0.0004791725356204718
2022-06-16,-0.0023919480242087813
2022-06-17,-0.0026526675669044757
2022-06-21,0.005233598867576097
2022-06-22,-0.0002625968309095088
2022-06-23,-7.344864525231396e-05
2022-06-24,0.0027101888972478694
2022-06-27,0.0015625810391553421
2022-06-28,-0.00040431218224060205
2022-06-29,-0.0005543293092617652
2022-06-30,-0.0014828656218764137
2022-07-01,0.001321868198244945
2022-07-05,-0.0011852070929512506
2022-07-06,-0.0006637546702791172
2022-07-07,-0.0008187679075829297
2022-07-08,0.0004515724271190147
2022-07-11,0.0005523292635649099
2022-07-12,-0.0012879438535197969
2022-07-13,-0.00030437888601891016
2022-07-14,0.0003452850487057454
2022-07-15,0.002091811047163637
2022-07-18,-0.003831392062288386
2022-07-19,0.0012938390937502053
2022-07-20,-0.003070977849053734
2022-07-21,0.0008221124407035021
2022-07-22,0.0006209454394810497
2022-07-25,0.0015288128747168305
2022-07-26,0.001447826210647405
2022-07-27,-0.0005079110686184868
2022-07-28,-6.2075701586737e-05
2022-07-29,-0.0024356788042648545
2022-08-01,-0.002121555715119508
2022-08-02,-0.0017095031260757653
2022-08-03,-0.0004678001110067927
2022-08-04,-0.002574601118325179
2022-08-05,-0.00028749065770713956
2022-08-08,0.0010312064336883853
2022-08-09,0.0008470666303015623
2022-08-10,0.0007717619468651647
2022-08-11,-0.0003411381744023512
2022-08-12,0.0034543207441059868
2022-08-15,0.0005564161656218021
2022-08-16,-0.00021767192232494825
2022-08-17,0.0016799445257391784
2022-08-18,0.0015754559878383549
2022-08-19,0.0007786471999716233
2022-08-22,-0.0014358432210249627
2022-08-23,-0.0006339261145073543
2022-08-24,0.0007537783481311455
2022-08-25,0.0019779976394711457
2022-08-26,-0.0046706970467045245
2022-08-29,-0.0005708832863349192
2022-08-30,-0.003036679347198412
2022-08-31,-0.0019921765846910105
2022-09-01,0.001955646725463391
2022-09-02,-0.0019398291264238331
2022-09-06,4.594552293976493e-05
2022-09-07,0.0017280142529394835
2022-09-08,0.0012342385391120082
2022-09-09,0.0011108874645048713
2022-09-12,0.0009200897599183832
2022-09-13,-0.00563365963371878
2022-09-14,0.0012206807734258327
2022-09-15,-0.0007669027546328482
2022-09-16,-0.0006008810096087953
2022-09-19,0.00011095619395946015
2022-09-20,-0.0007304616844235376
2022-09-21,-0.0021895691651390966
2022-09-22,0.0020923239879826142
2022-09-23,-0.0022383618314660704
2022-09-26,-0.001717589778973266
2022-09-27,0.0007475684399157296
2022-09-28,0.005916384027790568
2022-09-29,-0.001514057618079465
2022-09-30,-0.0024588786646538626
2022-10-03,0.0030811300056248197
2022-10-04,0.003086333575553276
2022-10-05,0.0021743456342169076
2022-10-06,0.0007907906382804312
2022-10-07,-0.0024967756910530825
2022-10-10,-0.0018349927115258134
2022-10-11,0.00021070154502524183
2022-10-12,-0.0002744039379034209
2022-10-13,0.004032486518443596
2022-10-14,-0.001073403278296931
2022-10-17,0.0016199477376513836
2022-10-18,0.00038251650397314654
2022-10-19,0.000378846070569666
2022-10-20,7.183815501303351e-05
2022-10-21,0.0034298720540123406
2022-10-24,0.001805900653380526
2022-10-25,2.0910568132567373e-05
2022-10-26,0.0015110265990404123
2022-10-27,-0.000130752402220247
2022-10-28,0.0025061701075971593
2022-10-31,0.0006243490194675927
2022-11-01,-0.0014011736025153435
2022-11-02,-0.0010535552429804397
2022-11-03,0.0009018874390027546
2022-11-04,0.00017470908781628113
2022-11-07,0.0019591153989951603
2022-11-08,0.0010438264178663492
2022-11-09,-0.003473224884716693
2022-11-10,0.0016415108290280262
2022-11-11,-0.00158277320120242
2022-11-14,0.0006285756440293227
2022-11-15,-0.000801079517349795
2022-11-16,4.544896320252303e-05
2022-11-17,0.0014917992360054505
2022-11-18,0.0009151570976300211
2022-11-21,-0.0008699860690707429
2022-11-22,0.0021042970427800787
2022-11-23,8.514777095563091e-06
2022-11-25,0.0006760480858935666
2022-11-28,-0.0016300922583930972
2022-11-29,0.00033926098239734574
2022-11-30,0.002501866531500787
2022-12-01,-0.0043532251310552765
2022-12-02,-0.00015114787409823175
2022-12-05,-0.006765162675797333
2022-12-06,-0.005878632429517907
2022-12-07,0.0024551383903961927
2022-12-08,0.0020615076592357855
2022-12-09,-0.011094100346278175
2022-12-12,0.002440226687024578
2022-12-13,-6.767065732123112e-05
2022-12-14,0.000965175027356832
2022-12-15,-0.009174852935383667
2022-12-16,-0.006898941616431274
2022-12-19,0.0010723421545679036
2022-12-20,0.0036766990489233973
2022-12-21,0.0013418735518369552
2022-12-22,-0.001142281604062053
2022-12-23,0.0014266594881880068
2022-12-27,0.0002661620280049228
2022-12-28,-0.0017218128780798218
2022-12-29,0.0006483069019391697
2022-12-30,-6.191599964762494e-05
2023-01-03,0.0
2023-01-04,0.003951366161416087
2023-01-05,-0.0029345127778703725
2023-01-06,0.022825397545106648
2023-01-09,-0.013060667201399548
2023-01-10,-0.000929922642564093
2023-01-11,0.0012847637471631536
2023-01-12,-0.0003369419285162231
2023-01-13,0.0008681436363760787
2023-01-17,-0.00043059198449766354
2023-01-18,-0.0052048478614369715
2023-01-19,-0.001793135074315166
2023-01-20,0.0022166067006410568
2023-01-23,0.0003207973237571531
2023-01-24,0.0008663486846717213
2023-01-25,0.0005371351275726021
2023-01-26,0.000965005771815055
2023-01-27,-0.0015713481450001395
2023-01-30,-0.0018081347739906974
2023-01-31,0.002241429610782066
2023-02-01,0.0003315738596482228
2023-02-02,-0.002225584704439297
2023-02-03,-0.0006863606434964799
2023-02-06,-0.00037010708422594187
2023-02-07,0.0025200863668741378
2023-02-08,-0.0022593266756584913
2023-02-09,-0.0010195650543305627
2023-02-10,0.0016207691916543072
2023-02-13,0.0021211234337324024
2023-02-14,-0.0007611346186333497
2023-02-15,-0.0004901781604223467
2023-02-16,-0.0028868243848933725
2023-02-17,-0.0008328808683870484
2023-02-21,-0.0036866709149738107
2023-02-22,-0.001255935700767222
2023-02-23,0.0008751933017937762
2023-02-24,-0.001244639869838202
2023-02-27,-5.219072221840648e-05
2023-02-28,-0.0007735627521302948
2023-03-01,-0.0007771256665182536
2023-03-02,0.0013073647672527282
2023-03-03,0.0034982356079613004
2023-03-06,0.0019362316586875267
2023-03-07,-0.0036622458194716092
2023-03-08,-0.0012606653318504109
2023-03-09,-0.003734042237675356
2023-03-10,-0.0010677768546281231
2023-03-13,-0.0006692864211252319
2023-03-14,0.004985879310242406
2023-03-15,-0.002904543173953319
2023-03-16,0.0023053857440396147
2023-03-17,-0.003296048016207413
2023-03-20,0.0025978586370132848
2023-03-21,0.002832649566137014
2023-03-22,-0.0028783951609807337
2023-03-23,0.0007333991511958176
2023-03-24,0.0006638255308200223
2023-03-27,0.0013248532506236212
2023-03-28,-0.00015902398210452178
2023-03-29,0.0015027623605701657
2023-03-30,0.0009332100683486085
2023-03-31,0.0021351334016325193
2023-04-03,0.0026856759101104148
2023-04-04,-0.0007188880123508256
2023-04-05,-0.0004622688088709376
2023-04-06,5.353274289097595e-06
2023-04-10,-0.00040839360874854957
2023-04-11,-0.0009154471112829411
2023-04-12,-0.0003039964509355675
2023-04-13,0.004207897834812733
2023-04-14,3.7523617644611786e-05
2023-04-17,0.0001196206861381388
2023-04-18,0.0008837742359846948
2023-04-19,0.00030721731042441066
2023-04-20,-0.0009497428284458043
2023-04-21,8.874514373865365e-05
2023-04-24,0.00018745563894424137
2023-04-25,-0.003002850813789093
2023-04-26,-0.00016151223571746502
2023-04-27,0.004306081037873842
2023-04-28,0.002794900547247314
2023-05-01,0.000810709791629005
2023-05-02,-0.0039051858476971987
2023-05-03,-0.0028641847712624776
2023-05-04,-0.0016185416318124034
2023-05-05,0.004180585000150516
2023-05-08,0.0004068787020259288
2023-05-09,-0.0013402965435429079
2023-05-10,0.00153964124391652
2023-05-11,-0.000312313691455443
2023-05-12,-0.0003108844445289427
2023-05-15,0.0007339276904136344
2023-05-16,-0.0003729254399512284
2023-05-17,0.0022921119423058617
2023-05-18,0.002215285381160335
2023-05-19,-0.00010524157948368917
2023-05-22,-0.002644542353006069
2023-05-23,-0.0032738956204138277
2023-05-24,-0.00098984475751737
2023-05-25,0.006211693764767749
2023-05-26,0.003830193615130502
2023-05-30,-0.000736047149788911
2023-05-31,-0.0008374753740652513
2023-06-01,0.002109529939982888
2023-06-02,0.0028029587843367665
2023-06-05,-0.001240196296589246
2023-06-06,-0.001260751611925115
2023-06-07,-0.005137130464952588
2023-06-08,0.004011368796200362
2023-06-09,0.0014234833066854964
2023-06-12,0.0026383142397331844
2023-06-13,9.594031214659872e-05
2023-06-14,0.0009167735932220965
2023-06-15,0.003558957486790146
2023-06-16,-0.0014612089155841836
2023-06-20,-5.42651113279276e-06
2023-06-21,-0.0017249389678944851
2023-06-22,0.0035625785264798387
2023-06-23,-0.0004702775667808849
2023-06-26,-0.0033542422934182007
2023-06-27,0.0030453513100375655
2023-06-28,-2.970382107074615e-05
2023-06-29,-0.0002520883822294475
2023-06-30,0.003381910339396392
2023-07-03,-0.0009171813989560539
2023-07-05,0.001356961693219587
2023-07-06,-0.0018674660924583653
2023-07-07,-0.0014992536048819018
2023-07-10,0.0007159779095530049
2023-07-11,0.0019088794981311674
2023-07-12,0.003440940301844196
2023-07-13,0.003179011871698657
2023-07-14,0.0005199707095415747
2023-07-17,0.001557014868975819
2023-07-18,0.0008735631047966909
2023-07-19,0.0006066876158307857
2023-07-20,-0.003340798825345899
2023-07-21,-0.0009849465586362965
2023-07-24,0.0009895535053198615
2023-07-25,0.001012756860570628
2023-07-26,-0.00047350973324555054
2023-07-27,-0.0002998368606246964
2023-07-28,0.003795561387744793
2023-07-31,0.0004447670841747017
2023-08-01,0.0001805968795450708
2023-08-02,-0.005038981472232711
2023-08-03,-0.0006687728842182145
2023-08-04,0.00033193966343054396
2023-08-07,0.0026431017863402816
2023-08-08,0.0004673719502026628
2023-08-09,-0.003734742317674059
2023-08-10,-1.3903527209757613e-05
2023-08-11,-0.001159140941939678
2023-08-14,0.004329001131247837
2023-08-15,-0.0024425450859139625
2023-08-16,-0.0018607913140720148
2023-08-17,-0.002669000590769904
2023-08-18,-0.00011801150358520651
2023-08-21,0.004786727380078508
2023-08-22,-0.0009291529552094835
2023-08-23,0.004006206722416081
2023-08-24,-0.004100202485061052
2023-08-25,0.0015794511084713863
2023-08-28,0.0018887112590154729
2023-08-29,0.004114143324389518
2023-08-30,0.0009449317897442719
2023-08-31,0.002202888684485636
2023-09-01,-0.0005394844634229694
2023-09-05,-0.0003402937224525951
2023-09-06,-0.0014085988895343236
2023-09-07,-0.00022466564643396772
2023-09-08,0.0006100719682765991
2023-09-11,0.002194072566586114
2023-09-12,-0.00401157152706913
2023-09-13,0.001332643905743928
2023-09-14,0.0011343427055432592
2023-09-15,-0.0046273225056992886
2023-09-18,0.001039368267948232
2023-09-19,-3.99438098027394e-05
2023-09-20,-0.003699383029760923
2023-09-21,-0.005218425779289766
2023-09-22,0.00039664699199575687
2023-09-25,0.0008265771532071548
2023-09-26,-0.004648193882053723
2023-09-27,0.00017543374943107532
2023-09-28,0.0009456860898984165
2023-09-29,5.944165904480281e-05
2023-10-02,0.002769741435710474
2023-10-03,-0.0047601815330578145
2023-10-04,0.00318731554077388
2023-10-05,-0.0004795201823731809
2023-10-06,0.003383344307293037
2023-10-09,0.0011694701246675026
2023-10-10,0.0012900904044062763
2023-10-11,0.0027647404147045584
2023-10-12,0.0003009976492885295
2023-10-13,-0.0012828538892302975
2023-10-16,0.002599885725992951
2023-10-17,-0.0005937807022799336
2023-10-18,-0.0023436136338789364
2023-10-19,-0.008987591890634682
2023-10-20,-0.01625652146143544
2023-10-23,0.0028298628508455583
2023-10-24,0.007933290174289948
2023-10-25,-0.019869635311898292
2023-10-26,-0.020093448275796535
2023-10-27,0.0008331748130421259
2023-10-30,0.017225196012377056
2023-10-31,0.001538380588981806
2023-11-01,0.0019259325727503838
2023-11-02,0.014685246088800558
2023-11-03,0.002533131199559081
2023-11-06,0.007406103899272351
2023-11-07,0.011079947381405221
2023-11-08,0.004240109297055182
2023-11-09,-0.008748294028931744
2023-11-10,0.020730021201272177
2023-11-13,-0.000252273459060036
2023-11-14,0.01278130424236317
2023-11-15,-0.0016203198283870329
2023-11-16,-0.004506621803676975
2023-11-17,-0.0008571129778209185
2023-11-20,0.009872908568243062
2023-11-21,-0.001607194502736155
2023-11-22,0.005594890999109823
2023-11-24,0.0016228215755346904
2023-11-27,-0.004523973198305647
2023-11-28,0.0027508073837950544
2023-11-29,-0.0055215930180089745
2023-11-30,0.006748713638763965
2023-12-01,0.0006263583532096129
2023-12-04,-0.008949794786143836
2023-12-05,0.0030796139216699332
2023-12-06,-0.006056397819852825
2023-12-07,0.009553442784374934
2023-12-08,0.008392035196894805
2023-12-11,0.004347012381883797
2023-12-12,0.013258385652572521
2023-12-13,0.007583054704376509
2023-12-14,-0.011739139361408735
2023-12-15,0.008470222436457097
2023-12-18,0.011897564932437238
2023-12-19,0.002252942790380034
2023-12-20,-0.014415890051025749
2023-12-21,0.011228799307642756
2023-12-22,-2.9650167615750478e-05
2023-12-26,0.0018291560642530085
2023-12-27,0.0030635295764586488
2023-12-28,0.0004881272274091261
2023-12-29,-0.0025781018527313
2024-01-02,-0.012262900652639953
